sample-id	absolute-filepath
skin_arrival_abx_1	/orcd/nese/tami/001/raw/data/2023/230816Lie/demux_native/TAAGGCGATAGATCGC_1.fastq
skin_arrival_abx_2	/orcd/nese/tami/001/raw/data/2023/230816Lie/demux_native/CGTACTAGTAGATCGC_1.fastq
skin_arrival_abx_3	/orcd/nese/tami/001/raw/data/2023/230816Lie/demux_native/AGGCAGAATAGATCGC_1.fastq
skin_arrival_ctrl_1	/orcd/nese/tami/001/raw/data/2023/230816Lie/demux_native/TCCTGAGCTAGATCGC_1.fastq
skin_arrival_ctrl_2	/orcd/nese/tami/001/raw/data/2023/230816Lie/demux_native/GGACTCCTTAGATCGC_1.fastq
skin_arrival_ctrl_3	/orcd/nese/tami/001/raw/data/2023/230816Lie/demux_native/TAGGCATGTAGATCGC_1.fastq
skin_prechallenge_abx_1	/orcd/nese/tami/001/raw/data/2023/230816Lie/demux_native/CTCTCTACTAGATCGC_1.fastq
skin_prechallenge_abx_2	/orcd/nese/tami/001/raw/data/2023/230816Lie/demux_native/CAGAGAGGTAGATCGC_1.fastq
skin_prechallenge_abx_3	/orcd/nese/tami/001/raw/data/2023/230816Lie/demux_native/GCTACGCTTAGATCGC_1.fastq
skin_prechallenge_abx_4	/orcd/nese/tami/001/raw/data/2023/230816Lie/demux_native/CGAGGCTGTAGATCGC_1.fastq
skin_prechallenge_abx_5	/orcd/nese/tami/001/raw/data/2023/230816Lie/demux_native/AAGAGGCATAGATCGC_1.fastq
skin_prechallenge_abx_6	/orcd/nese/tami/001/raw/data/2023/230816Lie/demux_native/GTAGAGGATAGATCGC_1.fastq
skin_prechallenge_ctrl_1	/orcd/nese/tami/001/raw/data/2023/230816Lie/demux_native/TAAGGCGACTCTCTAT_1.fastq
skin_prechallenge_ctrl_2	/orcd/nese/tami/001/raw/data/2023/230816Lie/demux_native/CGTACTAGCTCTCTAT_1.fastq
skin_prechallenge_ctrl_3	/orcd/nese/tami/001/raw/data/2023/230816Lie/demux_native/AGGCAGAACTCTCTAT_1.fastq
skin_prechallenge_ctrl_4	/orcd/nese/tami/001/raw/data/2023/230816Lie/demux_native/TCCTGAGCCTCTCTAT_1.fastq
skin_prechallenge_ctrl_5	/orcd/nese/tami/001/raw/data/2023/230816Lie/demux_native/GGACTCCTCTCTCTAT_1.fastq
skin_prechallenge_ctrl_6	/orcd/nese/tami/001/raw/data/2023/230816Lie/demux_native/TAGGCATGCTCTCTAT_1.fastq
skin_d4_abx_1	/orcd/nese/tami/001/raw/data/2023/230816Lie/demux_native/CTCTCTACCTCTCTAT_1.fastq
skin_d4_abx_2	/orcd/nese/tami/001/raw/data/2023/230816Lie/demux_native/CAGAGAGGCTCTCTAT_1.fastq
skin_d4_abx_3	/orcd/nese/tami/001/raw/data/2023/230816Lie/demux_native/GCTACGCTCTCTCTAT_1.fastq
skin_d4_abx_4	/orcd/nese/tami/001/raw/data/2023/230816Lie/demux_native/CGAGGCTGCTCTCTAT_1.fastq
skin_d4_ctrl_1	/orcd/nese/tami/001/raw/data/2023/230816Lie/demux_native/AAGAGGCACTCTCTAT_1.fastq
skin_d4_ctrl_2	/orcd/nese/tami/001/raw/data/2023/230816Lie/demux_native/GTAGAGGACTCTCTAT_1.fastq
skin_d4_ctrl_3	/orcd/nese/tami/001/raw/data/2023/230816Lie/demux_native/TAAGGCGATATCCTCT_1.fastq
skin_d4_ctrl_4	/orcd/nese/tami/001/raw/data/2023/230816Lie/demux_native/CGTACTAGTATCCTCT_1.fastq
skin_d4_ctrl_5	/orcd/nese/tami/001/raw/data/2023/230816Lie/demux_native/AGGCAGAATATCCTCT_1.fastq
blank_swab_ctrl	/orcd/nese/tami/001/raw/data/2023/230816Lie/demux_native/TCCTGAGCTATCCTCT_1.fastq
skin_extraction_control	/orcd/nese/tami/001/raw/data/2023/230816Lie/demux_native/GGACTCCTTATCCTCT_1.fastq
poop_arrival_abx_1	/orcd/nese/tami/001/raw/data/2023/230816Lie/demux_native/TAAGGCGAAGAGTAGA_1.fastq
poop_arrival_abx_2	/orcd/nese/tami/001/raw/data/2023/230816Lie/demux_native/CGTACTAGAGAGTAGA_1.fastq
poop_arival_ctrl_1	/orcd/nese/tami/001/raw/data/2023/230816Lie/demux_native/AGGCAGAAAGAGTAGA_1.fastq
poop_arival_ctrl_2	/orcd/nese/tami/001/raw/data/2023/230816Lie/demux_native/TCCTGAGCAGAGTAGA_1.fastq
poop_prechallenge_abx_1	/orcd/nese/tami/001/raw/data/2023/230816Lie/demux_native/GGACTCCTAGAGTAGA_1.fastq
poop_prechallenge_abx_2	/orcd/nese/tami/001/raw/data/2023/230816Lie/demux_native/TAGGCATGAGAGTAGA_1.fastq
poop_prechallenge_ctrl_1	/orcd/nese/tami/001/raw/data/2023/230816Lie/demux_native/CTCTCTACAGAGTAGA_1.fastq
poop_prechallenge_ctrl_2	/orcd/nese/tami/001/raw/data/2023/230816Lie/demux_native/CAGAGAGGAGAGTAGA_1.fastq
poop_d4_abx_1	/orcd/nese/tami/001/raw/data/2023/230816Lie/demux_native/GCTACGCTAGAGTAGA_1.fastq
poop_d4_abx_2	/orcd/nese/tami/001/raw/data/2023/230816Lie/demux_native/CGAGGCTGAGAGTAGA_1.fastq
poop_d4_abx_3	/orcd/nese/tami/001/raw/data/2023/230816Lie/demux_native/AAGAGGCAAGAGTAGA_1.fastq
poop_d4_abx_4	/orcd/nese/tami/001/raw/data/2023/230816Lie/demux_native/GTAGAGGAAGAGTAGA_1.fastq
poop_d4_ctrl_1	/orcd/nese/tami/001/raw/data/2023/230816Lie/demux_native/TAAGGCGAGTAAGGAG_1.fastq
poop_d4_ctrl_2	/orcd/nese/tami/001/raw/data/2023/230816Lie/demux_native/CGTACTAGGTAAGGAG_1.fastq
poop_d4_ctrl_3	/orcd/nese/tami/001/raw/data/2023/230816Lie/demux_native/AGGCAGAAGTAAGGAG_1.fastq
poop_d4_ctrl_4	/orcd/nese/tami/001/raw/data/2023/230816Lie/demux_native/TCCTGAGCGTAAGGAG_1.fastq
poop_d4_ctrl_5	/orcd/nese/tami/001/raw/data/2023/230816Lie/demux_native/GGACTCCTGTAAGGAG_1.fastq
poop_d4_abx_2_duplicate	/orcd/nese/tami/001/raw/data/2023/230816Lie/demux_native/TAGGCATGGTAAGGAG_1.fastq